Order;Statistical Moment
0;1.000000e+00
1;-2.661965e-02
2;2.109021e+00
3;-3.859131e-03
4;1.340215e+01
