Order;Statistical Moment
0;1.000000e+00
1;5.775951e-02
2;2.113931e+00
3;7.404608e-01
4;1.367713e+01
