Order;Statistical Moment
0;1.000000e+00
1;-6.921865e-03
2;8.219227e-02
3;-1.082794e-03
4;1.228470e-02
