Order;Statistical Moment
0;1.000000e+00
1;3.026707e-02
2;1.902418e+00
3;3.044275e-01
4;1.042345e+01
