Order;Statistical Moment
0;1.000000e+00
1;5.052210e-02
2;1.878467e+00
3;4.605583e-01
4;1.081625e+01
5;8.340789e+00
6;1.180285e+02
7;1.899528e+02
8;1.948586e+03
9;4.705116e+03
